ID,Control,Question,Answer,Notes
MVSP-1.1,External vulnerability reports,Do you publish contact details for reporting security vulnerabilities and commit to acknowledging reports within a set time?,,
MVSP-1.2,Customer testing,"On request, do you let customers or their delegates test the security of your application?",,
MVSP-1.3,Self-assessment,Do you complete a security self-assessment against the latest MVSP release at least annually and make it available to customers?,,
MVSP-1.4,External testing,Does an independent security vendor penetration test your product at least annually?,,
MVSP-1.5,Training,"Do you provide role-specific security training to your personnel, relevant to their business function?",,
MVSP-1.6,Compliance,"Do you hold an independent audit report, such as SOC 2, showing that you comply with an industry security standard?",,
MVSP-1.7,Incident handling,Do you notify affected parties no later than 72 hours after discovering a breach of sensitive information?,,
MVSP-1.8,Data handling,"Do you sanitize storage media that held production data, following NIST SP 800-88 or an equivalent, before reuse or disposal?",,
MVSP-2.1,Single sign-on,"Can your customers sign in to your product through single sign-on with their own identity provider, at no additional cost?",,
MVSP-2.2,HTTPS-only,Is your application served only over HTTPS?,,
MVSP-2.3,Security headers,"Do you apply security headers, such as a Content Security Policy and framing controls, to limit your application's attack surface?",,
MVSP-2.4,Password policy,"For accounts that sign in with a password, do you enforce a password policy such as a minimum length?",,
MVSP-2.5,Security libraries,Do you build on maintained frameworks or libraries whose built-in protections handle input validation and output encoding?,,
MVSP-2.6,Dependency patching,Do you patch critical vulnerabilities in your application's third-party dependencies within a defined time frame?,,
MVSP-2.7,Logging,"Do you keep logs of security-relevant events, such as authentication, and collect them in a central logging system?",,
MVSP-2.8,Encryption,"Do you use modern, industry-standard encryption to protect sensitive data at rest and in transit?",,
MVSP-3.1,List of data,Do you classify the sensitive data your application processes into defined sensitivity levels?,,
MVSP-3.2,Data flow diagram,Do you maintain an up-to-date diagram showing how sensitive data reaches your systems and where it ends up stored?,,
MVSP-3.3,Vulnerability prevention,"Do you train your developers to prevent authorization bypass, insecure session management, injection, cross-site scripting and cross-site request forgery?",,
MVSP-3.4,Time to fix vulnerabilities,Do you deploy fixes for critical vulnerabilities within 90 days of discovery?,,
MVSP-3.5,Build and release process,Do production builds and deployments run only through an automated CI/CD pipeline?,,
MVSP-4.1,Physical access,"Do your facilities have layered physical access controls, entry and exit logs, and a response plan for unauthorized access?",,
MVSP-4.2,Logical access,Do you limit access to sensitive data to people with a legitimate need?,,
MVSP-4.3,Sub-processors,Do you keep a list of third-party companies with access to customer data and make it available to customers?,,
MVSP-4.4,Backup and disaster recovery,Do you test your disaster recovery plan at least annually?,,
